id,price
0,176.20760233918128
2,108.52923976608187
5,113.35964912280701
18,85.19883040935673
19,137.12719298245617
23,93.24269005847952
24,322.89181286549706
25,169.46198830409355
30,95.42690058479533
31,100.12573099415204
47,107.56578947368422
61,98.45029239766082
64,216.8640350877193
66,92.23099415204678
71,74.4985380116959
81,229.89619883040933
82,128.03070175438597
88,190.06432748538012
96,135.4517543859649
116,145.3859649122807
120,325.0014619883041
123,172.12280701754383
124,174.906432748538
147,174.57894736842104
161,134.6827485380117
171,63.95175438596492
172,242.64912280701753
173,131.4502923976608
175,142.35380116959067
176,305.4327485380117
180,315.8260233918129
181,264.80116959064327
182,115.98391812865498
187,79.62134502923976
188,98.68859649122807
197,109.2748538011696
202,295.20175438596493
213,102.27631578947368
225,119.59795321637426
238,203.15058479532163
260,129.93567251461988
268,270.5672514619883
269,175.14619883040933
273,74.11111111111111
275,316.2207602339181
282,87.796783625731
297,141.73391812865498
299,140.39619883040936
301,109.68128654970761
305,131.43859649122805
312,88.01023391812865
320,347.82748538011697
324,91.16520467836257
328,260.2076023391813
343,103.38304093567251
347,343.2105263157895
348,144.2704678362573
349,242.62280701754386
361,245.44298245614033
369,175.640350877193
392,209.83918128654972
397,187.89619883040933
401,200.6783625730994
402,99.08771929824562
406,181.53508771929825
413,85.90789473684211
416,95.8406432748538
426,125.65058479532163
429,349.1169590643275
450,250.2704678362573
455,327.8377192982456
479,190.0029239766082
481,201.81578947368422
485,204.5906432748538
492,328.70614035087715
493,195.23976608187135
498,121.84502923976609
501,107.546783625731
519,97.00438596491227
522,167.96637426900585
524,287.17543859649123
525,321.18859649122805
526,293.5219298245614
528,347.82748538011697
531,97.90204678362574
532,122.89181286549707
536,257.92836257309943
540,135.91666666666669
561,173.61842105263156
563,92.48976608187135
567,253.25
572,99.22222222222223
574,99.71929824561403
579,228.56286549707602
588,102.41520467836257
595,218.07748538011697
599,100.88011695906432
603,107.10380116959064
621,62.340643274853804
623,396.08333333333337
626,89.5716374269006
628,83.70029239766082
640,70.99269005847952
643,166.01023391812865
648,194.69590643274853
655,363.5219298245614
658,157.12134502923976
659,76.63011695906432
660,121.82894736842105
662,173.49269005847952
667,159.20760233918128
668,150.01461988304095
672,87.77777777777777
673,81.7251461988304
676,227.3464912280702
678,184.00877192982455
682,191.35380116959067
684,159.98684210526318
686,105.59210526315789
689,280.1330409356725
694,187.22222222222223
696,98.57894736842105
704,256.8830409356725
710,102.61111111111111
728,285.7792397660819
739,70.87719298245614
740,114.2748538011696
742,135.5497076023392
744,293.9795321637427
764,175.18567251461988
765,101.05409356725147
780,285.5409356725146
789,83.60672514619884
794,324.12134502923976
798,203.98391812865498
811,91.01900584795322
818,203.89473684210526
821,298.30116959064327
835,149.66081871345028
845,91.64766081871346
848,65.31286549707602
850,187.05116959064327
867,102.55701754385964
870,290.9327485380117
872,197.95467836257308
874,130.67690058479533
882,235.96198830409355
897,132.28216374269005
901,103.84795321637428
906,312.5657894736842
913,75.73099415204679
915,149.0730994152047
916,69.28654970760235
930,81.60526315789474
932,237.08187134502924
933,283.5219298245614
942,197.30409356725147
944,144.51169590643275
960,75.5453216374269
966,224.08479532163744
969,199.453216374269
975,153.87280701754386
981,142.9795321637427
987,335.23830409356725
996,307.92251461988303
1001,137.39766081871346
1005,93.5
1011,164.55409356725147
1013,125.41374269005848
1023,156.02923976608187
1026,252.61257309941521
1032,123.35964912280701
1035,81.24122807017544
1040,307.1856725146199
1058,139.156432748538
1063,218.4093567251462
1064,217.69736842105263
1068,324.5073099415205
1072,173.80847953216374
1080,253.32748538011697
1089,294.8201754385965
1090,280.1842105263158
1096,171.3654970760234
1101,80.03654970760233
1107,335.26169590643275
1112,298.2514619883041
1124,107.0
1125,119.09941520467837
1127,134.51900584795322
1128,73.85818713450293
1134,256.7236842105263
1138,171.14912280701753
1139,291.5862573099415
1159,78.63888888888889
1162,196.36988304093566
1169,216.08771929824562
1174,140.50146198830407
1185,214.8567251461988
1188,104.04093567251462
1209,191.31432748538012
1211,252.00438596491227
1228,327.6140350877193
1229,129.21929824561403
1230,195.49122807017545
1239,161.76023391812865
1243,115.14327485380116
1247,132.79239766081872
1265,112.7485380116959
1266,169.3230994152047
1272,322.4327485380117
1274,57.85087719298246
1278,229.1739766081871
1281,154.85087719298247
1284,147.76315789473682
1290,279.0043859649123
1293,312.9605263157895
1301,331.41520467836256
1307,52.37719298245614
1309,297.48830409356725
1325,205.359649122807
1333,155.35818713450294
1335,236.27923976608187
1359,77.4327485380117
1361,238.38011695906434
1362,86.546783625731
1368,307.5175438596491
1370,240.1827485380117
1381,130.6184210526316
1386,172.65058479532163
1387,144.09064327485382
1389,281.0657894736842
1406,295.859649122807
1411,125.76900584795322
1416,345.6827485380117
1422,108.88450292397661
1425,198.7909356725146
1431,141.37865497076024
1436,83.11842105263159
1442,137.296783625731
1450,224.7002923976608
1453,78.44736842105263
1463,136.08479532163744
1471,281.92836257309943
1473,257.9137426900585
1474,163.47222222222223
1483,176.0497076023392
1485,289.4195906432749
1489,312.07163742690057
1495,145.55994152046782
1500,215.94590643274853
1502,71.33333333333333
1505,265.40935672514615
1508,83.60087719298245
1516,105.41666666666666
1517,71.56432748538012
1525,219.38888888888889
1531,244.09502923976606
1532,350.1856725146199
1535,149.87719298245614
1539,157.68859649122805
1545,196.87865497076024
1560,269.6856725146199
1562,108.97076023391813
1568,80.75292397660819
1572,205.18567251461988
1577,215.38011695906434
1579,292.0701754385965
1582,107.85380116959064
1584,284.906432748538
1586,172.60233918128654
1588,272.3157894736842
1593,309.2631578947369
1594,68.34941520467837
1602,88.36549707602339
1610,393.5891812865497
1627,131.85380116959067
1635,130.5497076023392
1640,159.2529239766082
1646,273.0058479532164
1660,325.34064327485385
1684,130.32894736842104
1696,173.59795321637426
1708,96.2485380116959
1711,159.18859649122808
1712,165.51608187134502
1715,145.8640350877193
1722,379.8070175438597
1729,299.3830409356725
1735,81.39619883040936
1738,167.26900584795322
1740,146.36111111111111
1741,155.94152046783626
1752,130.10818713450294
1755,102.94152046783626
1759,162.80555555555554
1764,218.9327485380117
1772,398.94444444444446
1780,338.59502923976606
1785,195.4298245614035
1790,301.9809941520468
1791,327.4926900584795
1792,167.21052631578948
1810,193.60233918128654
1813,268.28216374269005
1820,206.09941520467837
1822,95.68859649122808
1836,103.08625730994152
1849,88.4780701754386
1852,203.63888888888889
1856,105.99561403508773
1877,159.75
1884,291.8157894736842
1886,289.12865497076024
1887,147.62134502923976
1898,153.78362573099415
1901,294.2704678362573
1904,144.12426900584796
1905,98.45175438596492
1918,348.4780701754386
1919,161.65058479532163
1925,327.4181286549708
1934,93.48976608187135
1935,150.156432748538
1939,82.70760233918128
1947,122.8625730994152
1949,136.73976608187135
1951,239.6783625730994
1960,101.70175438596492
1962,66.0716374269006
1968,62.98976608187135
1974,85.13596491228071
1975,201.28362573099415
1979,91.64912280701755
1981,350.7207602339181
1989,145.28654970760232
1990,131.46491228070175
1992,101.64327485380116
1995,178.01608187134502
2000,73.09649122807018
2002,268.02777777777777
2003,227.07456140350877
2008,380.2309941520468
2010,297.0526315789474
2014,129.49853801169593
2028,80.70029239766082
2035,76.71052631578948
2065,218.5248538011696
2079,230.98830409356725
2085,155.03216374269005
2086,109.30555555555556
2097,220.78362573099415
2098,343.0453216374269
2099,92.67251461988303
2104,278.5131578947368
2122,89.77923976608187
2127,166.4093567251462
2130,186.546783625731
2134,331.71491228070175
2136,85.61111111111111
2137,248.16520467836256
2138,126.71198830409358
2144,74.73538011695906
2146,103.8391812865497
2152,251.9122807017544
2154,207.28508771929825
2161,85.83625730994152
2172,380.28508771929825
2176,102.53654970760235
2186,138.28947368421052
2188,288.6798245614035
2207,230.14181286549706
2217,246.7470760233918
2232,100.14766081871346
2241,312.6432748538012
2244,277.3070175438597
2250,167.67543859649123
2262,303.27485380116957
2266,258.92105263157896
2279,315.82456140350877
2280,159.16812865497076
2285,111.39619883040936
2289,107.7485380116959
2290,210.47076023391813
2299,361.82894736842104
2309,101.07748538011697
2310,262.73830409356725
2311,255.82748538011697
2312,261.55847953216374
2314,130.2017543859649
2316,197.07456140350877
2328,123.11549707602339
2333,164.35087719298247
2335,304.90935672514615
2352,148.99853801169593
2353,312.6067251461988
2358,333.9108187134503
2361,70.87280701754386
2370,256.6856725146199
2374,214.9751461988304
2382,247.51023391812868
2383,226.62134502923976
2388,186.71198830409355
2389,281.87865497076024
2394,171.7470760233918
2398,322.562865497076
2399,84.38304093567251
2401,312.7953216374269
2402,369.1798245614035
2408,89.42105263157895
2415,216.1432748538012
2418,336.03508771929825
2426,99.73391812865498
2427,120.68859649122808
2437,168.66959064327486
2438,116.76900584795322
2439,144.84649122807016
2444,165.06432748538012
2455,131.1432748538012
2458,289.83187134502924
2462,70.8406432748538
2463,90.703216374269
2467,280.7573099415205
2468,114.51461988304094
2469,58.32163742690059
2473,120.66520467836257
2483,98.44444444444444
2493,178.62426900584796
2494,263.80409356725147
2522,170.5701754385965
2529,99.71929824561403
2536,171.05994152046782
2538,75.24707602339181
2540,103.25730994152048
2553,343.3464912280702
2560,73.3216374269006
2583,52.06140350877193
2584,409.42690058479536
2595,147.69736842105263
2611,112.91374269005848
2613,136.1359649122807
2614,132.39912280701753
2617,93.64912280701755
2622,162.46345029239768
2626,52.52046783625731
2630,83.4985380116959
2634,233.41959064327486
2636,87.97076023391813
2639,125.03216374269006
2648,215.5438596491228
2651,127.41374269005848
2654,106.86111111111111
2657,260.96783625730995
2658,304.203216374269
2664,299.7324561403509
2667,107.19736842105263
2670,211.85087719298247
2676,116.31140350877192
2680,154.34502923976606
2682,273.2426900584795
2683,189.703216374269
2688,231.86257309941521
2692,73.40497076023391
2704,286.34795321637426
2719,114.91374269005848
2720,179.7295321637427
2721,254.96783625730995
2727,277.9897660818713
2731,76.13304093567251
2754,67.56432748538012
2755,210.62573099415204
2757,85.61403508771929
2771,106.5219298245614
2773,114.07309941520468
2776,187.21198830409355
2780,288.8201754385965
2786,132.14912280701753
2789,71.21198830409357
2801,150.80116959064327
2810,298.2470760233918
2817,290.0453216374269
2818,295.7266081871345
2823,73.50877192982456
2829,239.80409356725147
2830,167.3640350877193
2832,186.77192982456143
2833,307.9795321637427
2834,176.64619883040933
2837,136.87426900584796
2838,77.32748538011697
2839,55.590643274853804
2845,142.95906432748538
2854,327.87280701754383
2857,144.91959064327486
2860,328.3654970760234
2861,97.94736842105263
2866,266.62719298245617
2872,222.23684210526318
2875,85.49269005847952
2879,227.7207602339181
2883,146.76754385964912
2896,251.50584795321637
2899,203.08479532163744
2901,179.30116959064327
2908,276.562865497076
2909,128.1140350877193
2915,211.83625730994152
2919,69.98538011695906
2925,82.80555555555556
2933,97.20029239766082
2944,239.88157894736844
2949,165.35233918128654
2950,214.17543859649123
2951,135.2763157894737
2959,342.90204678362574
2961,320.19152046783626
2963,124.37719298245614
2976,125.15497076023391
2986,141.3669590643275
2987,147.4312865497076
2992,237.2236842105263
2997,135.1783625730994
3010,87.96783625730994
3022,315.9590643274854
3052,82.14473684210526
3053,186.8172514619883
3062,195.2748538011696
3066,139.4078947368421
3081,152.1812865497076
3087,353.0131578947369
3099,130.35087719298247
3117,151.76023391812865
3124,161.1154970760234
3127,334.7046783625731
3136,86.08625730994152
3138,291.5014619883041
3151,98.84795321637426
3160,309.61842105263156
3170,63.59210526315789
3176,213.71783625730995
3178,269.7309941520468
3179,146.796783625731
3181,348.3304093567251
3184,154.25584795321637
3187,119.8201754385965
3189,314.640350877193
3191,130.53801169590642
3205,84.5701754385965
3217,86.43713450292398
3221,107.50584795321637
3226,168.51461988304095
3230,96.7514619883041
3233,214.3406432748538
3234,84.69298245614036
3235,117.88888888888889
3243,162.09795321637426
3247,142.83333333333331
3249,64.06140350877193
3264,170.83918128654972
3265,190.95906432748538
3268,286.03508771929825
3271,226.83625730994152
3276,156.5204678362573
3282,118.00438596491227
3286,150.71929824561403
3289,81.64473684210526
3294,248.83040935672514
3309,103.52631578947368
3315,97.82748538011697
3329,78.44883040935673
3336,80.26754385964912
3346,127.92251461988303
3348,111.51900584795322
3355,134.39473684210526
3357,162.58771929824562
3359,134.5497076023392
3360,88.05701754385964
3372,92.7280701754386
3374,86.98684210526315
3377,127.84941520467837
3383,66.89766081871346
3386,133.30263157894737
3387,293.3932748538012
3389,99.87280701754386
3390,144.40497076023394
3391,131.75438596491227
3392,90.86842105263159
3424,217.81578947368422
3433,365.9824561403509
3435,78.82894736842105
3438,260.1111111111111
3439,310.7441520467836
3440,94.59795321637426
3444,187.9970760233918
3446,191.1827485380117
3453,270.0891812865497
3455,264.88157894736844
3460,115.89766081871346
3462,103.31286549707602
3464,117.81286549707602
3470,319.0687134502924
3471,65.34210526315789
3480,80.80847953216374
3481,172.87719298245617
3495,229.0233918128655
3497,335.02485380116957
3499,228.62865497076024
3503,232.5497076023392
3506,226.47076023391813
3508,232.50146198830407
3522,141.46491228070175
3523,322.83479532163744
3525,139.3845029239766
3534,80.7485380116959
3535,46.57163742690058
3537,47.95029239766082
3538,86.98099415204678
3540,174.57602339181287
3541,308.390350877193
3543,253.71345029239768
3547,72.69883040935673
3552,171.48245614035088
3555,65.85087719298245
3559,263.32163742690057
3572,256.3201754385965
3576,83.40643274853801
3585,88.62719298245614
3594,197.49122807017545
3595,296.86988304093563
3602,102.88011695906432
3605,246.00146198830407
3611,99.5672514619883
3614,211.00877192982455
3618,117.81432748538012
3622,143.21929824561403
3630,181.53070175438597
3632,297.60087719298247
3635,93.60233918128654
3637,161.96491228070175
3641,214.28654970760232
3648,198.5701754385965
3649,64.69590643274853
3665,138.19736842105263
3667,95.5906432748538
3668,230.69883040935673
3674,81.0204678362573
3675,97.46783625730994
3689,301.9312865497076
3695,222.24415204678363
3729,345.9707602339181
3733,287.4985380116959
3736,168.0906432748538
3737,60.96783625730994
3738,107.10526315789474
3740,194.37573099415204
3743,91.0716374269006
3748,280.8172514619883
3751,81.79093567251462
3756,334.94883040935673
3758,287.2997076023392
3759,115.85818713450293
3761,219.32602339181287
3774,116.39619883040936
3775,159.73538011695905
3779,192.3932748538012
3784,114.47076023391813
3788,296.3464912280702
3790,215.50438596491227
3791,100.55701754385964
3792,92.43567251461988
3797,286.3845029239766
3805,251.91666666666669
3811,323.1637426900585
3812,317.8728070175439
3813,243.44736842105263
3824,304.44152046783626
3826,204.19590643274853
3838,160.17397660818713
3839,90.43567251461988
3844,100.60672514619884
3847,90.35233918128654
3849,157.75146198830407
3850,195.1169590643275
3856,234.36842105263156
3857,162.21929824561403
3865,145.87426900584796
3866,330.08333333333337
3876,347.4342105263158
3879,119.1798245614035
3881,182.50877192982455
3882,146.39619883040933
3884,342.8611111111111
3887,135.2982456140351
3889,96.87719298245614
3896,106.81578947368422
3902,64.20614035087719
3905,126.9766081871345
3906,172.14766081871346
3911,300.9736842105263
3923,236.3830409356725
3926,148.24853801169593
3944,78.18713450292398
3948,269.6608187134503
3951,163.18421052631578
3954,429.36988304093563
3961,150.71783625730995
3964,164.7514619883041
3973,123.67690058479533
3987,84.70760233918128
3995,98.53216374269006
4002,261.4561403508772
4005,75.03508771929825
4010,347.7280701754386
4012,136.07748538011697
4013,131.57602339181287
4014,285.3567251461988
4018,194.83918128654972
4022,92.63450292397661
4042,282.7485380116959
4053,172.62573099415204
4068,305.96783625730995
4071,95.80555555555556
4096,203.28654970760235
4101,114.37134502923976
4110,212.953216374269
4114,141.73099415204678
4120,188.09502923976606
4125,305.3859649122807
4128,161.98538011695905
4130,116.9985380116959
4134,77.06432748538012
4139,123.66959064327486
4141,85.0891812865497
4145,278.2090643274854
4152,289.7441520467836
4156,86.53801169590643
4165,191.3845029239766
4177,84.86403508771929
4178,147.13888888888889
4181,159.08625730994152
4183,139.90204678362574
4184,80.67543859649123
4194,192.87280701754383
4201,305.34064327485385
4206,227.67543859649123
4207,61.614035087719294
4214,183.19590643274853
4216,83.66374269005848
4220,186.59941520467837
4225,362.7441520467836
4231,259.0204678362573
4232,169.48391812865498
4234,75.11403508771929
4236,72.3640350877193
4251,230.81140350877192
4264,256.48245614035085
4282,351.1388888888889
4290,257.3026315789474
4292,119.18713450292398
4298,226.25
4301,288.7733918128655
4304,274.27631578947364
4305,84.61111111111111
4318,224.13888888888889
4331,219.3406432748538
4338,122.09502923976609
4341,90.96929824561403
4343,181.85818713450294
4345,141.61842105263156
4348,323.51461988304095
4352,328.30409356725147
4359,182.4327485380117
4367,123.24415204678363
4369,85.79970760233918
4376,276.37134502923976
4383,174.59795321637426
4386,84.00584795321637
4389,77.4795321637427
4406,201.30701754385964
4408,76.24707602339181
4411,112.41374269005848
4412,91.2733918128655
4420,367.40204678362574
4445,231.38742690058479
4461,122.32748538011697
4471,91.703216374269
4473,201.37865497076024
4499,49.20614035087719
4506,91.71491228070175
4513,116.62573099415204
4516,100.99707602339181
4519,19.723684210526315
4521,79.08040935672514
4529,83.70614035087719
4538,90.75438596491227
4546,93.17543859649123
4560,149.22807017543857
4562,132.44736842105263
4568,128.08479532163744
4569,185.03070175438597
4581,325.44883040935673
4589,206.32602339181287
4599,196.8845029239766
4600,84.60672514619884
4609,196.296783625731
4612,123.046783625731
4614,87.7295321637427
4617,273.3362573099415
4618,111.1798245614035
4634,72.13888888888889
4636,158.8421052631579
4643,169.40058479532163
4651,177.32894736842104
4655,85.9780701754386
4656,120.6783625730994
4659,52.44590643274854
4662,118.41374269005848
4669,189.0263157894737
4670,117.48830409356725
4683,93.42543859649123
4685,95.41228070175438
4692,89.83187134502924
4694,210.55116959064327
4713,264.0964912280702
4721,60.58479532163743
4726,95.59941520467837
4730,19.723684210526315
4733,112.7295321637427
4734,338.4605263157895
4737,19.678362573099413
4739,130.35087719298247
4741,71.78654970760235
4743,115.76023391812865
4747,260.53801169590645
4753,139.07894736842104
4757,333.6067251461988
4758,168.80263157894737
4769,112.22368421052632
4771,183.76461988304095
4780,76.05847953216374
4783,85.03508771929825
4790,79.96052631578948
4792,292.13011695906437
4793,20.112573099415204
4798,99.10964912280701
4799,106.91374269005848
4804,65.94152046783626
4807,189.60087719298247
4813,125.45029239766082
4819,81.44590643274853
4826,140.16374269005848
4827,121.92251461988303
4828,52.4766081871345
4831,73.03508771929825
4864,88.81871345029239
4865,224.58479532163744
4866,279.6637426900585
4868,234.5906432748538
4869,107.6125730994152
4870,115.34941520467837
4874,322.7792397660819
4884,122.71345029239767
4887,67.37719298245614
4892,262.4663742690059
4897,233.91666666666669
4898,360.96783625730995
4900,229.46637426900585
4915,123.81286549707602
4918,79.71345029239765
4919,134.22076023391813
4927,71.45029239766082
4931,43.99269005847953
4932,143.79385964912282
4937,263.7602339181287
4939,81.15058479532163
4940,150.3230994152047
4957,81.60818713450293
4959,325.61988304093563
4965,72.13157894736841
4966,81.64619883040936
4971,154.2763157894737
4980,121.58625730994152
4984,361.4327485380117
4988,335.6345029239766
5002,313.2573099415205
5003,146.12426900584796
5006,74.6125730994152
5008,209.5701754385965
5020,186.093567251462
5032,64.95029239766082
5036,79.66812865497076
5039,77.6827485380117
5040,111.48684210526315
5043,111.87134502923976
5045,200.30847953216374
5049,294.92397660818716
5054,153.77923976608187
5055,122.2733918128655
5056,158.640350877193
5071,175.74122807017545
5077,199.75146198830407
5079,160.53362573099415
5081,131.55263157894737
5085,158.96052631578948
5086,84.04093567251462
5087,290.1140350877193
5088,95.25438596491227
5104,179.5263157894737
5116,199.60087719298247
5122,194.61842105263156
5124,327.13157894736844
5128,155.91374269005848
5129,289.890350877193
5130,155.35380116959067
5133,393.49561403508767
5134,164.25
5137,325.21783625730995
5157,118.31286549707602
5158,147.55847953216374
5162,102.96783625730994
5168,270.50877192982455
5173,83.0453216374269
5176,111.02923976608187
5179,359.312865497076
5192,87.3625730994152
5202,123.72076023391813
5204,155.41959064327486
5206,106.55409356725147
5209,152.58771929824562
5218,83.20029239766082
5223,71.92397660818713
5224,140.15204678362574
5228,94.82748538011697
5233,118.78508771929825
5236,288.6798245614035
5241,177.5672514619883
5251,137.19883040935673
5252,198.64912280701753
5254,180.51461988304095
5271,299.1505847953216
5274,322.20175438596493
5279,301.53508771929825
5285,244.9751461988304
5286,136.8669590643275
5292,75.75877192982456
5297,137.4283625730994
5298,203.96198830409355
5301,298.74707602339186
5306,80.1827485380117
5308,69.5014619883041
5313,201.60818713450294
5315,136.640350877193
5316,19.279239766081872
5329,65.26608187134502
5346,104.9546783625731
5350,326.719298245614
5354,99.14766081871346
5356,273.5994152046784
5357,192.8230994152047
5361,92.18421052631578
5362,205.66374269005848
5373,147.71052631578948
5386,155.35380116959067
5397,330.7514619883041
5409,133.9970760233918
5412,124.84649122807016
5417,195.49561403508773
5422,215.34502923976606
5431,216.15204678362574
5441,267.68859649122805
5442,155.69005847953218
5444,283.77631578947364
5452,267.4605263157895
5457,236.9502923976608
5458,300.99707602339186
5459,97.6125730994152
5464,134.12426900584796
5467,109.05409356725147
5473,162.35087719298247
5475,358.10233918128654
5476,145.09649122807016
5489,94.67251461988303
5491,304.24122807017545
5493,214.50877192982455
5495,168.60233918128654
5503,187.7002923976608
5508,55.792397660818715
5513,68.18128654970761
5514,265.35818713450294
5526,151.44152046783626
5527,107.6593567251462
5540,186.19444444444446
5542,202.16520467836256
5543,65.91374269005848
5549,200.01900584795322
5556,321.57456140350877
5558,78.8201754385965
5561,171.61988304093566
5565,131.05701754385964
5567,160.12865497076024
5570,164.73976608187135
5574,118.26900584795322
5582,141.69005847953218
5583,198.62865497076024
5585,79.2514619883041
5586,312.0219298245614
5587,110.46345029239765
5588,135.4970760233918
5592,228.05701754385967
5601,116.39327485380116
5610,196.9590643274854
5611,151.2748538011696
5612,127.08187134502924
5615,198.10233918128654
5618,197.43859649122805
5641,132.81286549707602
5646,19.279239766081872
5650,133.2938596491228
5651,134.17543859649123
5655,178.18567251461988
5659,111.56432748538012
5667,64.95906432748538
5675,140.3654970760234
5680,183.19590643274853
5683,235.63742690058479
5684,154.29532163742692
5689,213.80994152046782
5690,227.1622807017544
5692,66.68713450292398
5696,117.74269005847952
5698,147.83187134502924
5718,225.3406432748538
5733,396.7909356725146
5741,66.1783625730994
5748,148.8421052631579
5749,116.90058479532163
5758,64.2748538011696
5768,164.44005847953218
5770,116.06578947368422
5773,246.93567251461988
5774,125.70760233918128
5782,277.2397660818713
5787,395.07894736842104
5794,168.55116959064327
5798,103.49269005847952
5801,195.2529239766082
5803,142.57748538011697
5808,296.57456140350877
5811,218.25438596491227
5815,133.44883040935673
5819,88.24415204678363
5826,103.203216374269
5836,112.69005847953217
5838,259.64619883040933
5839,96.9780701754386
5855,148.36257309941521
5858,88.43713450292398
5859,162.79239766081872
5861,68.43859649122807
5868,77.53508771929825
5869,402.1271929824561
5872,218.07748538011697
5873,99.14181286549707
5884,92.24269005847952
5887,220.07602339181287
5888,276.53508771929825
5891,125.2982456140351
5892,296.94152046783626
5929,89.57602339181287
5930,124.86842105263159
5934,118.26315789473684
5935,262.93859649122805
5946,190.49269005847952
5949,210.03947368421052
5961,152.11842105263156
5965,85.8172514619883
5966,422.12865497076024
5977,121.0219298245614
5986,114.01169590643275
5987,241.80701754385967
5990,188.76900584795322
5991,106.80555555555556
5995,64.2748538011696
5996,247.94152046783626
6006,290.6330409356725
6011,56.45614035087719
6017,118.38304093567251
6032,275.69590643274853
6033,98.80116959064327
6037,141.33479532163744
6043,105.42105263157895
6046,147.85380116959064
6049,224.31140350877192
6052,78.07309941520467
6062,235.55409356725147
6070,291.97222222222223
6072,110.36695906432749
6080,215.9283625730994
6081,69.54824561403508
6089,106.09502923976608
6091,103.96929824561403
6092,203.359649122807
6102,275.44152046783626
6104,210.16812865497076
6109,80.93128654970761
6118,144.23538011695905
6119,95.0891812865497
6133,178.15497076023394
6139,143.81578947368422
6140,236.3830409356725
6144,241.7280701754386
6147,68.52923976608187
6150,153.94298245614036
6153,158.19883040935673
6154,65.34356725146199
6160,137.43713450292398
6162,274.03801169590645
6165,242.05263157894737
6166,249.3421052631579
6174,300.6695906432749
6182,187.30701754385964
6183,75.85526315789474
6200,142.0672514619883
6206,291.62865497076024
6217,219.906432748538
6228,330.4078947368421
6231,151.85380116959067
6247,325.9078947368421
6248,136.51315789473682
6254,146.89766081871346
6256,230.83918128654972
6257,330.4078947368421
6259,116.89327485380116
6261,350.4605263157895
6280,135.3815789473684
6281,156.71783625730995
6288,94.17251461988303
6289,284.05847953216374
6296,219.76023391812868
6303,211.1798245614035
6309,343.64473684210526
6310,103.65497076023391
6317,179.13011695906434
6320,101.70760233918128
6327,95.11403508771929
6333,140.98830409356725
6336,209.5204678362573
6337,70.10964912280701
6338,205.14912280701753
6345,195.03947368421052
6352,83.62865497076024
6353,210.7236842105263
6360,196.41666666666669
6366,141.80701754385964
6371,161.66520467836256
6378,110.46783625730994
6380,84.12280701754386
6391,109.87719298245614
6400,87.94298245614036
6403,89.13011695906432
6408,63.0921052631579
6421,181.42105263157896
6424,210.74561403508773
6434,214.37280701754383
6436,166.47807017543857
6438,314.4824561403509
6439,162.24122807017545
6440,141.73391812865498
6452,79.0906432748538
6457,215.00877192982455
6464,190.90497076023394
6470,139.24561403508773
6473,253.59941520467837
6476,285.27485380116957
6478,268.2280701754386
6481,286.1038011695906
6483,110.25438596491227
6490,326.74122807017545
6506,293.69883040935673
6509,172.08187134502924
6512,384.8888888888889
6522,161.48099415204678
6524,340.3464912280702
6526,150.87134502923976
6529,81.75877192982456
6531,376.05116959064327
6532,165.9970760233918
6536,285.7426900584795
6537,134.6798245614035
6546,209.5921052631579
6549,91.52923976608187
6550,282.17105263157896
6563,177.76608187134502
6565,140.98099415204678
6570,71.42836257309942
6571,77.05701754385964
6585,160.1154970760234
6587,131.7748538011696
6588,329.1374269005848
6592,123.47076023391813
6595,147.50146198830407
6596,179.21637426900585
6600,297.0657894736842
6602,180.82894736842104
6603,289.18859649122805
6605,312.7295321637427
6609,295.9356725146199
6617,193.14181286549706
6618,261.9035087719298
6619,307.48830409356725
6620,292.72368421052636
6625,119.98099415204678
6630,54.175438596491226
6634,331.24122807017545
6637,302.8494152046784
6649,179.5438596491228
6657,83.5204678362573
6660,173.4502923976608
6661,222.14912280701753
6662,225.46491228070175
6666,315.0073099415205
6674,251.68567251461988
6679,114.24561403508773
6684,192.48099415204678
6691,115.60087719298247
6698,73.00292397660819
6700,165.6769005847953
6702,200.4561403508772
6711,141.83333333333331
6713,96.12426900584796
6739,109.49122807017544
6745,328.2441520467836
6748,78.48538011695906
6752,139.41374269005848
6757,129.6798245614035
6765,79.95906432748538
6767,160.953216374269
6768,198.9561403508772
6787,159.7529239766082
6795,63.18421052631579
6798,371.5818713450292
6802,172.9269005847953
6815,240.5701754385965
6817,116.10818713450293
6820,115.93713450292398
6845,83.78801169590643
6852,141.78216374269005
6853,139.85233918128654
6859,73.4985380116959
6861,72.73245614035088
6865,167.33040935672514
6878,69.23830409356725
6879,136.78654970760235
6880,78.87134502923976
6882,262.7426900584795
6892,88.32309941520467
6893,61.21345029239766
6896,310.5804093567251
6897,173.44736842105263
6898,168.29532163742692
6908,413.14912280701753
6911,151.73976608187135
6916,367.60233918128654
6921,178.51169590643275
6925,134.03947368421052
6932,82.46345029239765
6936,297.0336257309941
6944,85.60087719298245
6951,168.8421052631579
6956,113.16812865497076
6961,183.68567251461988
6966,96.12426900584796
6968,85.40643274853801
6973,65.33040935672514
6978,272.14912280701753
6984,121.11842105263159
7022,73.51315789473685
7044,267.3026315789474
7052,97.20029239766082
7059,154.11988304093566
7062,255.52923976608184
7066,273.17105263157896
7079,153.15350877192984
7080,161.44590643274853
7096,68.81871345029239
7097,198.40058479532163
7106,154.39619883040933
7107,111.95614035087719
7109,229.26461988304095
7111,212.98391812865498
7112,149.92543859649123
7113,191.36988304093566
7118,233.6330409356725
7121,100.78216374269006
7125,221.68567251461988
7134,264.8611111111111
7139,143.86257309941521
7146,135.99269005847952
7158,281.2134502923977
7163,305.937134502924
7164,117.8406432748538
7166,273.516081871345
7168,159.64912280701753
7170,336.7163742690059
7174,291.4108187134503
7176,153.35818713450294
7178,201.44736842105263
7182,313.7266081871345
7185,104.28801169590643
7190,313.0058479532164
7200,133.25438596491227
7209,138.48099415204678
7213,116.37426900584796
7222,196.5482456140351
7227,329.98830409356725
7229,133.41374269005848
7230,178.34649122807016
7254,224.5263157894737
7257,156.36257309941521
7258,156.36257309941521
7261,183.83333333333331
7265,230.36988304093566
7272,127.65497076023391
7274,109.25
7278,118.38304093567251
7288,328.4795321637427
7290,209.21491228070175
7308,251.5497076023392
7333,397.43859649122805
7338,397.43859649122805
7347,200.65350877192984
7352,142.48099415204678
7358,85.3874269005848
7360,169.12573099415204
7362,399.95175438596493
7370,188.67251461988303
7375,275.219298245614
7380,298.15497076023394
7386,89.53362573099415
7391,146.1812865497076
7392,19.09502923976608
7398,216.83625730994152
7407,339.42251461988303
7417,97.4093567251462
7421,104.28801169590643
7422,77.94444444444444
7427,146.14181286549706
7428,117.51315789473685
7430,242.63888888888889
7432,120.64327485380117
7435,179.16812865497076
7444,67.77046783625731
7455,175.03801169590645
7459,303.562865497076
7460,286.59795321637426
7462,19.279239766081872
7468,162.343567251462
7474,130.77777777777777
7479,106.47222222222223
7483,284.2002923976608
7486,99.58187134502924
7502,19.279239766081872
7503,169.25438596491227
7504,359.9795321637427
7508,134.55994152046782
7510,177.28801169590645
7514,332.14766081871346
7516,19.09502923976608
7517,92.453216374269
7521,201.44152046783626
7527,84.43713450292398
7537,174.94298245614036
7545,280.266081871345
7546,189.01315789473682
7549,250.8230994152047
7553,249.38011695906434
7562,106.89035087719299
7567,125.26023391812865
7568,316.39181286549706
7577,131.94590643274853
7585,200.90350877192984
7593,83.63450292397661
7602,143.67690058479533
7605,366.9605263157895
7608,19.279239766081872
7632,188.69883040935673
7637,307.8157894736842
7640,117.60526315789474
7644,226.04239766081872
7645,158.87426900584796
7657,120.43128654970761
7679,267.0599415204679
7680,134.1549707602339
7682,170.6798245614035
7691,300.83479532163744
7692,397.8421052631579
7706,215.0
7708,165.91081871345028
7713,166.8421052631579
7718,98.17105263157895
7723,175.75438596491227
7728,319.19590643274853
7730,191.48684210526315
7735,214.23976608187135
7743,109.04239766081872
7746,147.83187134502924
7748,110.08187134502924
7749,171.81578947368422
7751,156.73538011695908
7753,64.19883040935673
7756,106.48976608187135
7762,194.843567251462
7764,70.20029239766082
7765,213.38011695906434
7771,55.8391812865497
7777,170.66228070175438
7787,123.76023391812865
7788,204.72076023391813
7795,341.609649122807
7800,299.66228070175436
7801,181.37280701754383
7818,200.31432748538012
7827,83.38888888888889
7836,140.76461988304092
7846,311.3143274853801
7849,122.15789473684211
7850,127.12426900584795
7855,104.01900584795322
7875,137.31140350877192
7884,265.9795321637427
7889,84.51900584795322
7890,319.4824561403509
7894,54.16228070175438
7901,117.09795321637426
7906,214.37719298245617
7929,205.14619883040933
7930,260.83479532163744
7933,74.54093567251462
7939,86.80847953216374
7940,145.2280701754386
7941,91.50730994152048
7951,239.43421052631578
7953,188.87280701754383
7960,104.03216374269006
7961,161.68421052631578
7962,233.01461988304095
7963,159.91374269005848
7964,119.12719298245614
7966,188.76023391812865
7967,170.74122807017545
7974,179.93713450292398
7979,124.68421052631578
7984,101.45029239766082
7987,167.9590643274854
7988,80.5233918128655
7991,142.8421052631579
7995,66.37719298245614
8002,116.35526315789474
8005,131.84649122807016
8027,158.81140350877195
8030,130.21198830409355
8041,77.51461988304094
8048,222.55994152046785
8066,279.4868421052631
8096,153.9312865497076
8098,176.87426900584796
8099,312.69883040935673
8124,218.61988304093566
8140,278.41520467836256
8141,278.80555555555554
8143,247.87134502923976
8144,337.6608187134503
8145,87.48245614035088
8166,371.5219298245614
8169,126.64327485380116
8170,89.1608187134503
8174,98.4985380116959
8178,337.2295321637427
8179,93.35672514619884
8186,217.38888888888889
8188,276.2368421052632
8190,302.95175438596493
8192,149.71929824561403
8194,120.70614035087718
8217,113.82894736842105
8223,97.57894736842105
8226,143.2266081871345
8248,335.40204678362574
8254,197.68713450292398
8256,346.03801169590645
8262,84.4751461988304
8263,182.8216374269006
8264,100.71491228070175
8271,318.03508771929825
8280,121.93567251461988
8291,348.3157894736842
8301,302.4634502923976
8303,84.203216374269
8307,120.84356725146199
8309,76.55555555555556
8317,195.9970760233918
8323,345.7485380116959
8344,354.48538011695905
8345,154.69298245614036
8347,141.1593567251462
8355,315.85087719298247
8367,112.00584795321637
8375,212.14473684210526
8376,240.38888888888889
8381,216.156432748538
8396,262.64473684210526
8398,163.61111111111111
8399,203.92543859649123
8400,177.77923976608187
8401,101.07748538011697
8408,138.48830409356725
8410,162.0409356725146
8412,85.44444444444444
8427,96.29970760233918
8431,294.5891812865497
8439,203.85526315789474
8441,202.38157894736844
8443,49.67397660818713
8447,190.4327485380117
8448,263.37865497076024
8469,126.44298245614036
8472,110.4283625730994
8475,91.80555555555556
8477,165.22222222222223
8485,90.1827485380117
8487,128.79093567251462
8503,235.38742690058479
8507,198.10380116959064
8508,83.46929824561403
8511,89.38157894736841
8512,307.16520467836256
8518,307.94444444444446
8523,299.1505847953216
8525,80.546783625731
8534,172.74853801169593
8536,111.00730994152048
8541,297.8260233918129
8542,365.82309941520464
8549,100.43128654970761
8553,149.90350877192984
8555,296.71198830409355
8559,55.728070175438596
8560,51.75438596491228
8561,129.57602339181287
8578,159.26608187134502
8579,128.99415204678363
8581,284.63157894736844
8587,174.62719298245614
8595,99.00877192982456
8608,110.12426900584796
8615,165.2997076023392
8619,282.61988304093563
8632,83.11842105263159
8633,351.687134502924
8646,249.85233918128657
8655,107.07456140350877
8663,144.1812865497076
8665,108.8216374269006
8667,86.44005847953217
8668,71.5014619883041
8671,66.55263157894737
8673,338.6695906432749
8678,216.55409356725147
8693,327.36842105263156
8703,214.78070175438597
8708,97.30263157894737
8711,125.09649122807016
8713,128.45760233918128
8714,226.89619883040933
8716,119.4780701754386
8728,125.6374269005848
8731,71.92397660818713
8744,211.6578947368421
8746,244.34795321637426
8749,123.87426900584796
8750,150.73391812865498
8751,80.62573099415204
8752,66.90643274853801
8754,243.3669590643275
8756,102.81286549707602
8761,273.5599415204679
8769,292.24561403508767
8774,251.1330409356725
8779,121.04093567251462
8780,389.17251461988303
8786,306.08479532163744
8788,108.77631578947368
8793,98.2485380116959
8796,263.4546783625731
8798,153.2704678362573
8808,207.92105263157896
8809,364.8318713450292
8827,204.05409356725147
8829,236.01023391812868
8835,105.37280701754386
8840,117.5482456140351
8850,216.5497076023392
8860,130.68713450292398
8864,291.56871345029236
8865,238.7251461988304
8872,135.13742690058479
8879,177.73830409356725
8880,92.87573099415204
8882,227.68713450292398
8883,261.8157894736842
8885,366.9868421052631
8895,77.26608187134502
8898,112.56578947368422
8902,159.9093567251462
8905,322.39181286549706
8913,364.85233918128654
8920,239.62865497076024
8939,333.60233918128654
8940,173.21052631578948
8942,187.203216374269
8955,136.88011695906434
8961,73.33333333333334
8963,111.93713450292398
8966,172.7997076023392
8972,184.75146198830407
8976,270.0190058479532
8986,312.4868421052631
8998,210.06286549707602
9001,284.1505847953216
9003,263.9868421052632
9004,115.7938596491228
9006,106.65204678362574
9009,118.07456140350877
9018,309.6827485380117
9022,130.6184210526316
9025,136.046783625731
9028,296.7295321637427
9033,146.39473684210526
9036,198.99415204678363
9040,182.30409356725147
9045,95.49269005847952
9051,86.80263157894737
9056,166.98538011695908
9057,245.046783625731
9059,203.0263157894737
9061,162.5687134502924
9066,104.52631578947368
9068,348.25438596491233
9071,325.0921052631579
9074,98.39473684210526
9078,98.85233918128654
9085,218.30409356725147
9114,334.1125730994152
9118,157.34502923976606
9134,176.9766081871345
9141,287.2514619883041
9143,289.1330409356725
9144,255.36257309941521
9148,110.29239766081872
9150,101.5
9152,357.0804093567251
9165,61.6125730994152
9174,68.6783625730994
9187,47.85087719298246
9188,113.15643274853801
9190,129.90350877192984
9201,49.48391812865497
9204,271.8669590643275
9205,112.24415204678363
9209,296.85818713450294
9210,116.49269005847952
9213,116.49561403508773
9217,148.36842105263156
9223,112.60380116959064
9233,238.08187134502924
9238,249.2485380116959
9240,173.49561403508773
9247,95.54824561403508
9249,155.90350877192984
9253,149.24122807017542
9254,287.12865497076024
9258,111.25
9259,151.96345029239768
9262,243.2002923976608
9263,145.38742690058479
9270,284.51169590643275
9277,93.49707602339181
9290,328.3888888888889
9296,53.94590643274854
9297,99.85818713450293
9298,43.36695906432749
9304,111.38157894736841
9308,189.94298245614036
9310,69.58771929824562
9312,235.9078947368421
9319,86.4093567251462
9320,115.14912280701755
9321,114.52777777777777
9329,145.8640350877193
9333,90.78362573099415
9341,185.12719298245617
9348,159.58333333333331
9357,177.3654970760234
9388,100.13596491228071
9395,143.5248538011696
9399,198.359649122807
9401,125.2748538011696
9402,73.13157894736841
9405,165.1330409356725
9406,174.26169590643275
9414,268.5233918128655
9415,94.93567251461988
9426,167.57602339181287
9429,135.5716374269006
9432,80.06871345029239
9436,276.1973684210526
9450,214.42543859649123
9455,71.30701754385964
9456,73.45467836257309
9459,278.67836257309943
9471,353.109649122807
9472,184.7938596491228
9476,151.2470760233918
9477,77.37280701754386
9478,196.04532163742692
9479,78.99269005847952
9488,304.703216374269
9493,117.53508771929825
9495,371.4312865497076
9499,67.55116959064327
9509,145.74122807017545
9511,278.41520467836256
9513,159.2982456140351
9519,207.1798245614035
9524,365.44444444444446
9527,83.42690058479533
9529,150.23976608187135
9531,259.89473684210526
9533,212.14473684210526
9537,150.64766081871346
9551,61.9766081871345
9554,263.812865497076
9563,73.18421052631578
9574,169.20467836257308
9578,180.90058479532163
9584,97.51900584795322
9588,68.24561403508771
9589,340.19444444444446
9590,66.19444444444444
9593,131.54239766081872
9626,175.01315789473682
9630,269.8304093567251
9637,266.390350877193
9644,105.42397660818713
9645,92.06432748538012
9649,83.36111111111111
9659,115.96198830409357
9660,347.5
9663,117.66228070175438
9664,70.72807017543859
9666,87.05409356725147
9668,273.2602339181287
9674,101.85380116959064
9675,268.27777777777777
9676,280.4502923976608
9691,257.9897660818713
9692,258.0365497076023
9696,84.80847953216374
9699,110.46345029239765
9702,72.01754385964912
9706,173.093567251462
9721,136.22807017543857
9723,357.19883040935673
9725,158.68713450292398
9727,143.23684210526318
9730,170.91374269005848
9743,210.8640350877193
9744,87.59356725146199
9746,245.50730994152048
9755,119.19298245614036
9762,100.66959064327486
9767,319.82894736842104
9774,210.73099415204678
9783,244.40935672514618
9787,156.24269005847952
9793,123.46345029239767
9799,323.9502923976608
9800,200.156432748538
9804,220.03947368421052
9807,142.89766081871346
9808,199.84502923976606
9817,375.67543859649123
9818,204.7090643274854
9819,116.55847953216374
9824,320.59502923976606
9825,91.14035087719299
9827,290.2485380116959
9829,170.05116959064327
9841,121.00292397660819
9853,264.16520467836256
9857,260.2456140350877
9862,126.56578947368422
9872,96.24122807017544
9879,92.63596491228071
9881,92.83040935672514
9884,128.4561403508772
9888,85.60380116959064
9895,58.82456140350877
9897,52.77777777777778
9898,258.640350877193
9900,165.28070175438597
9913,108.25146198830409
9914,318.85526315789474
9915,89.26023391812865
9933,142.86988304093566
9936,155.23099415204678
9942,202.2997076023392
9949,369.77777777777777
9952,128.99415204678363
9958,138.60818713450294
9967,182.59941520467837
9973,277.3187134502924
9974,273.22514619883043
9975,386.41520467836256
9980,107.78801169590643
9982,173.87719298245617
9984,119.19736842105263
9986,153.796783625731
9990,256.0102339181287
9992,80.14181286549707
9999,111.35672514619884
10004,53.18567251461988
10014,87.63304093567251
10015,80.14181286549707
10016,133.99561403508773
10017,293.1374269005848
10023,136.21637426900585
10026,220.5716374269006
10027,276.3421052631579
10031,302.0687134502924
10041,380.55555555555554
10043,79.10964912280701
10047,324.95760233918134
10048,82.96637426900585
10049,165.343567251462
10052,123.99561403508773
10055,110.22222222222223
10056,316.66228070175436
10061,230.03362573099415
10064,120.06286549707602
10065,114.67397660818713
10073,101.14181286549707
10077,209.8932748538012
10081,215.06578947368422
10083,313.62134502923976
10090,260.6608187134503
10100,119.59502923976608
10105,223.98830409356725
10136,142.00584795321637
10138,64.14473684210526
10153,73.15497076023391
10157,244.94444444444446
10160,84.22076023391813
10163,120.63888888888889
10176,398.14912280701753
10177,394.2324561403509
10182,339.1739766081871
10190,335.25438596491233
10192,116.28654970760235
10197,274.58479532163744
10203,228.71491228070175
10207,273.4868421052631
10221,181.27923976608187
10231,248.11988304093566
10233,93.75292397660819
10237,82.64473684210526
10248,166.03070175438597
10250,319.8070175438597
10260,230.00877192982455
10261,89.02923976608187
10264,167.4502923976608
10274,83.83187134502924
10282,117.80263157894737
10290,226.6345029239766
10301,439.4035087719298
10314,116.41520467836257
10321,94.46491228070175
10325,213.74853801169593
10330,112.59356725146199
10340,92.16959064327486
10350,90.33040935672514
10356,122.7953216374269
10357,229.57456140350877
10359,257.12426900584796
10366,93.11403508771929
10371,144.17251461988303
10378,108.45029239766082
10379,265.1038011695906
10381,156.62134502923976
10383,114.46783625730994
10396,231.0482456140351
10402,195.58479532163744
10403,125.89327485380116
10417,195.78654970760232
10421,279.390350877193
10436,259.7938596491228
10437,78.1374269005848
10441,68.69736842105263
10445,239.859649122807
10472,408.1345029239766
10473,355.3961988304094
10496,408.1345029239766
10517,248.53508771929825
10522,135.14181286549706
10528,74.21783625730994
10530,307.45175438596493
10533,284.0643274853801
10540,107.24707602339181
10552,259.359649122807
10553,96.47368421052632
10560,152.4327485380117
10561,76.62280701754386
10565,152.12573099415204
10574,76.81140350877192
10595,105.99415204678363
10600,119.88888888888889
10602,129.7251461988304
10606,159.24415204678363
10607,244.859649122807
10618,183.2470760233918
10623,157.01461988304095
10624,168.55847953216374
10633,193.6593567251462
10637,377.88157894736844
10639,128.109649122807
10654,97.3874269005848
10658,218.31140350877192
10661,196.23684210526318
10664,271.3026315789474
10671,19.48391812865497
10673,230.64473684210526
10674,273.32163742690057
10680,294.9561403508772
10681,115.99122807017545
10693,229.95760233918128
10698,52.41812865497076
10708,159.10233918128654
10709,71.06578947368422
10723,208.51900584795322
10727,297.62573099415204
10733,191.68859649122805
10740,239.65204678362574
10759,240.38888888888889
10772,83.3391812865497
10776,88.10233918128654
10781,308.02631578947364
10784,311.41666666666663
10788,306.1111111111111
10794,115.94590643274853
10800,193.2733918128655
10805,237.64619883040936
10820,282.6461988304094
10821,282.49707602339186
10823,88.03070175438597
10828,104.54239766081872
10832,188.26461988304095
10833,401.04385964912285
10836,395.48830409356725
10843,116.4985380116959
10844,116.32456140350877
10848,401.29385964912285
10850,115.9985380116959
10865,83.3391812865497
10866,115.76754385964912
10874,183.48099415204678
10886,291.51169590643275
10897,401.04385964912285
10902,323.84502923976606
10912,100.35233918128654
10914,275.32163742690057
10916,83.66666666666667
10934,169.38742690058479
10939,72.21491228070175
10942,165.41812865497076
10943,103.96052631578948
10948,279.3669590643275
10953,96.19444444444444
10957,320.05116959064327
10958,325.0921052631579
10959,389.6929824561403
10968,334.0921052631579
10986,303.0058479532164
10989,220.49269005847952
10992,286.22514619883043
10994,147.90204678362574
11007,127.59064327485379
11013,269.15204678362574
11034,150.64473684210526
11041,261.03216374269005
11045,309.42105263157896
11049,310.59064327485385
11063,401.04385964912285
11065,142.4049707602339
11066,69.35672514619884
11073,176.859649122807
11075,282.05116959064327
11094,115.88157894736841
11099,110.53508771929825
11102,159.18859649122808
11103,134.14912280701753
11104,173.359649122807
11111,148.65935672514618
11116,164.26900584795322
11119,68.98391812865498
11120,323.2046783625731
11121,253.05555555555554
11123,358.6125730994152
11130,370.8187134502924
11133,198.3421052631579
11137,293.73538011695905
11138,165.30847953216374
11143,259.4078947368421
11150,291.4400584795321
11153,71.56286549707602
11154,162.83187134502924
11156,117.55116959064327
11157,121.4985380116959
11161,192.98538011695908
11165,264.8611111111111
11174,100.44736842105263
11184,215.19736842105263
11186,172.93567251461988
11188,364.9926900584795
11189,375.9868421052631
11210,279.8187134502924
11218,301.45614035087715
11230,263.2280701754386
11244,127.5
11245,340.71783625730995
11246,112.43567251461988
11248,236.03947368421052
11276,325.3961988304094
11278,300.219298245614
11282,303.3494152046784
11288,192.0204678362573
11301,202.91081871345028
11312,126.32602339181287
11315,83.19152046783626
11319,195.5716374269006
11321,300.3464912280702
11327,358.11988304093563
11332,99.00877192982456
